# JPL Horizons (DE441) geocentric geometric Moon, mean ecliptic and equinox J2000.
# Fetched by src/fetch_reference.py; every 97 d from JD 2378496.5 (AD 1800) to 2524593.5 (AD 2200).
body,jd_tdb,lon_deg,lat_deg,r_au
moon,2378496.5,351.2615244,-3.6419534,0.002625146
moon,2378593.5,177.7830199,2.8454231,0.002459183
moon,2378690.5,26.6965637,0.0718000,0.002666372
moon,2378787.5,216.6606442,-1.4233979,0.002436388
moon,2378884.5,61.4677400,3.7071528,0.002697212
moon,2378981.5,254.2472220,-4.6446847,0.002437571
moon,2379078.5,96.2986426,5.1332954,0.002712361
moon,2379175.5,292.2952415,-4.8104480,0.002460394
moon,2379272.5,130.7448697,3.5747246,0.002716268
moon,2379369.5,328.8389258,-1.8664012,0.002470598
moon,2379466.5,165.2768019,-0.0821553,0.002715807
moon,2379563.5,5.2484863,2.1973613,0.002475013
moon,2379660.5,199.4910984,-3.6942384,0.002709653
moon,2379757.5,42.1971074,4.8936700,0.002465278
moon,2379854.5,234.2841184,-5.2062632,0.002695850
moon,2379951.5,79.7865942,4.3796037,0.002457462
moon,2380048.5,269.0025741,-3.6674969,0.002669535
moon,2380145.5,117.8084136,0.9160614,0.002474486
moon,2380242.5,304.4368680,0.0055644,0.002621001
moon,2380339.5,155.3331348,-3.1852665,0.002507001
moon,2380436.5,340.2241267,3.7327578,0.002575257
moon,2380533.5,192.5427269,-5.2317686,0.002564722
moon,2380630.5,17.7424393,5.0724474,0.002521875
moon,2380727.5,228.7498081,-4.0134873,0.002615929
moon,2380824.5,54.8547941,3.1101443,0.002496996
moon,2380921.5,264.0073183,-0.4708796,0.002661090
moon,2381018.5,92.5624985,-0.9673608,0.002484403
moon,2381115.5,298.5633663,3.2759325,0.002690020
moon,2381212.5,129.1113468,-4.3919914,0.002484778
moon,2381309.5,333.3381337,5.0012788,0.002703404
moon,2381406.5,166.0541130,-5.0875150,0.002486322
moon,2381503.5,7.7986636,3.7642974,0.002711409
moon,2381600.5,202.5052734,-2.6172774,0.002468646
moon,2381697.5,42.5059662,0.2574339,0.002712851
moon,2381794.5,239.2329138,1.4572676,0.002446632
moon,2381891.5,76.7393637,-3.4524903,0.002711546
moon,2381988.5,277.3924514,4.5713268,0.002420001
moon,2382085.5,111.7678739,-5.2336957,0.002698382
moon,2382182.5,315.8634179,4.5107614,0.002416145
moon,2382279.5,146.6273555,-3.9788301,0.002673373
moon,2382376.5,355.0242548,1.2394488,0.002446554
moon,2382473.5,182.2764235,-0.4081592,0.002633131
moon,2382570.5,32.3911697,-2.8929476,0.002494349
moon,2382667.5,218.0476889,3.3851366,0.002595765
moon,2382764.5,69.6279394,-5.1931986,0.002560188
moon,2382861.5,254.9008833,4.9877279,0.002564203
moon,2382958.5,105.2406891,-4.3125545,0.002607043
moon,2383055.5,291.4063247,3.3638783,0.002546944
moon,2383152.5,140.5602789,-0.9454554,0.002646193
moon,2383249.5,327.6301906,-0.4669277,0.002538785
moon,2383346.5,175.0260507,2.8834940,0.002665648
moon,2383443.5,3.6471264,-4.0660677,0.002521318
moon,2383540.5,210.1637014,4.9166317,0.002680456
moon,2383637.5,39.7287740,-5.2454623,0.002499722
moon,2383734.5,245.0040319,3.9620534,0.002688985
moon,2383831.5,76.9789974,-3.1821019,0.002454733
moon,2383928.5,280.0363819,0.5720853,0.002700530
moon,2384025.5,114.0972793,0.8725312,0.002416596
moon,2384122.5,314.6881235,-3.2454306,0.002703404
moon,2384219.5,153.6241508,4.3596283,0.002391623
moon,2384316.5,349.7226972,-5.2376285,0.002699166
moon,2384413.5,192.4211531,4.6845319,0.002396928
moon,2384510.5,24.9244050,-4.2021178,0.002681040
moon,2384607.5,231.7745159,1.6628806,0.002445366
moon,2384704.5,60.2052228,-0.7349126,0.002654263
moon,2384801.5,268.7007865,-2.4935423,0.002494560
moon,2384898.5,95.7755372,3.1302976,0.002632170
moon,2384995.5,305.3562343,-5.0792248,0.002553833
moon,2385092.5,131.5606782,4.9997032,0.002612868
moon,2385189.5,340.9411698,-4.6102123,0.002587040
moon,2385286.5,167.3018008,3.7564953,0.002599751
moon,2385383.5,16.3672496,-1.4363422,0.002610641
moon,2385480.5,202.5820043,0.1396889,0.002580732
moon,2385577.5,51.4765490,2.5321235,0.002627097
moon,2385674.5,238.2468673,-3.6291937,0.002542756
moon,2385771.5,87.1384848,4.9120407,0.002641992
moon,2385868.5,274.4272071,-5.3010371,0.002500262
moon,2385965.5,122.6599616,4.2552631,0.002663398
moon,2386062.5,312.4228522,-3.6326962,0.002438027
moon,2386159.5,158.0570306,0.9717613,0.002683958
moon,2386256.5,350.2574455,0.3847522,0.002402409
moon,2386353.5,192.9375146,-2.9207952,0.002698669
moon,2386450.5,30.2236748,4.1693294,0.002387200
moon,2386547.5,227.9498851,-5.1487160,0.002704125
moon,2386644.5,68.7301169,4.9112237,0.002408323
moon,2386741.5,263.0636104,-4.3716055,0.002694692
moon,2386838.5,107.4683472,2.2678126,0.002457360
moon,2386935.5,297.9048287,-1.0698911,0.002683418
moon,2387032.5,143.7171562,-1.8312138,0.002497160
moon,2387129.5,332.9831903,2.8310051,0.002668814
moon,2387226.5,180.0980467,-4.7755841,0.002534622
moon,2387323.5,7.8425823,4.9850396,0.002658089
moon,2387420.5,215.9973030,-4.8057338,0.002548052
moon,2387517.5,43.1381327,4.1685691,0.002636468
moon,2387614.5,252.1299378,-1.8873947,0.002561344
moon,2387711.5,77.9125700,0.8035023,0.002606512
moon,2387808.5,288.2852044,2.1902059,0.002577690
moon,2387905.5,113.8702867,-3.0909846,0.002550141
moon,2388002.5,324.5164177,4.8707536,0.002604792
moon,2388099.5,150.3150720,-5.1682576,0.002496681
moon,2388196.5,0.7876858,4.5147997,0.002640636
moon,2388293.5,188.9690732,-3.8704542,0.002437718
moon,2388390.5,36.1282602,1.3926125,0.002673820
moon,2388487.5,227.0332865,0.0011858,0.002411231
moon,2388584.5,71.2198282,-2.5135888,0.002699138
moon,2388681.5,266.3152795,3.9194325,0.002413333
moon,2388778.5,105.8063671,-4.9363988,0.002710686
moon,2388875.5,304.2084847,5.0812054,0.002435321
moon,2388972.5,140.8101441,-4.4279758,0.002711745
moon,2389069.5,341.7052853,2.9097592,0.002471292
moon,2389166.5,175.1666431,-1.3469526,0.002705667
moon,2389263.5,18.0008862,-1.0817237,0.002488157
moon,2389360.5,209.8241003,2.5494531,0.002698900
moon,2389457.5,54.1997667,-4.3550787,0.002497742
moon,2389554.5,244.2945096,4.9538784,0.002684180
moon,2389651.5,91.3484541,-4.8649945,0.002498115
moon,2389748.5,279.3062555,4.5007442,0.002657229
moon,2389845.5,128.2550564,-2.2101770,0.002505514
moon,2389942.5,314.3707901,1.3422459,0.002615703
moon,2390039.5,165.6748943,1.9494076,0.002537948
moon,2390136.5,350.4566041,-2.6248590,0.002554454
moon,2390233.5,202.2296154,4.8552092,0.002576187
moon,2390330.5,27.4685581,-4.9946193,0.002504612
moon,2390427.5,238.7395399,4.7572214,0.002630293
moon,2390524.5,65.8369993,-4.0248928,0.002459451
moon,2390621.5,273.9590183,1.7948768,0.002668333
moon,2390718.5,103.6080654,-0.3387215,0.002449296
moon,2390815.5,308.8051477,-2.1098566,0.002698116
moon,2390912.5,141.5013457,3.6359690,0.002454134
moon,2391009.5,343.2236052,-4.7447633,0.002713100
moon,2391106.5,178.5213548,5.2346089,0.002466485
moon,2391203.5,18.0153415,-4.5271259,0.002716583
moon,2391300.5,215.2853896,3.5481449,0.002475394
moon,2391397.5,52.2724043,-1.6370107,0.002716695
moon,2391494.5,251.9069062,-0.3223358,0.002463084
moon,2391591.5,86.8053056,2.2853521,0.002710098
moon,2391688.5,288.7103188,-3.9520124,0.002452842
moon,2391785.5,121.2308799,4.9440234,0.002695281
moon,2391882.5,327.2727618,-4.9414190,0.002445639
moon,2391979.5,156.3986955,4.7966366,0.002664996
moon,2392076.5,5.0237170,-2.5388207,0.002464016
moon,2392173.5,191.7436644,1.8232535,0.002621052
moon,2392270.5,43.2829976,1.6672672,0.002513058
moon,2392367.5,227.9243244,-2.2288736,0.002570379
moon,2392464.5,79.6443090,4.7896235,0.002564674
moon,2392561.5,264.9435555,-4.8510762,0.002530123
moon,2392658.5,116.1014703,4.9960355,0.002624820
moon,2392755.5,302.3609715,-4.2509600,0.002506223
moon,2392852.5,150.9455309,2.2756262,0.002659848
moon,2392949.5,339.4380375,-0.8368784,0.002498963
moon,2393046.5,185.7494737,-1.6579693,0.002688123
moon,2393143.5,15.7629332,3.1745258,0.002498279
moon,2393240.5,220.1429883,-4.5443543,0.002699187
moon,2393337.5,52.4562565,5.2581872,0.002485403
moon,2393434.5,255.0330986,-4.6798115,0.002708186
moon,2393531.5,88.8035021,4.1252682,0.002466732
moon,2393628.5,289.6156378,-2.0046791,0.002709492
moon,2393725.5,126.5391431,0.3892046,0.002430688
moon,2393822.5,324.1739596,1.9283657,0.002709580
moon,2393919.5,164.0447505,-3.5273350,0.002409876
moon,2394016.5,359.0180890,4.8244337,0.002695260
moon,2394113.5,203.8616255,-4.9961586,0.002413020
moon,2394210.5,34.1232238,4.9663416,0.002671171
moon,2394307.5,242.0522842,-2.9055988,0.002443284
moon,2394404.5,69.8577068,2.1864541,0.002635134
moon,2394501.5,280.2096853,1.2033559,0.002507655
moon,2394598.5,105.5363432,-1.8454771,0.002599677
moon,2394695.5,316.3434543,4.5329993,0.002559898
moon,2394792.5,142.1095335,-4.6804600,0.002576355
moon,2394889.5,352.2760710,5.1083250,0.002612167
moon,2394986.5,178.3270588,-4.4780379,0.002560162
moon,2395083.5,27.3219006,2.6972510,0.002639234
moon,2395180.5,214.4535528,-1.4393411,0.002549341
moon,2395277.5,62.1540088,-1.2131953,0.002658072
moon,2395374.5,250.0123468,2.5819143,0.002529337
moon,2395471.5,97.1109434,-4.3442576,0.002672558
moon,2395568.5,286.5000187,5.0797009,0.002489566
moon,2395665.5,132.2989207,-4.8085362,0.002683973
moon,2395762.5,323.4344459,4.4607720,0.002449936
moon,2395859.5,167.3955242,-2.3546148,0.002696776
moon,2395956.5,2.0647167,0.9064445,0.002401496
moon,2396053.5,202.1740680,1.5741600,0.002702658
moon,2396150.5,40.4622401,-3.1996680,0.002388914
moon,2396247.5,237.2040281,4.6119790,0.002696863
moon,2396344.5,80.4997922,-5.0456909,0.002404334
moon,2396441.5,272.2919440,4.9942435,0.002683557
moon,2396538.5,118.5190172,-3.3108419,0.002448389
moon,2396635.5,307.8594213,2.4149480,0.002658681
moon,2396732.5,156.0582512,0.6357515,0.002508440
moon,2396829.5,342.9254904,-1.5528752,0.002640841
moon,2396926.5,191.8140336,4.1409952,0.002550062
moon,2397023.5,18.7042699,-4.5598513,0.002624267
moon,2397120.5,227.6540834,5.1321985,0.002584529
moon,2397217.5,53.9135149,-4.7327408,0.002610391
moon,2397314.5,263.2386766,3.0350617,0.002598458
moon,2397411.5,89.5105603,-2.0394411,0.002583732
moon,2397508.5,298.6131610,-0.8690726,0.002615055
moon,2397605.5,124.7649847,1.9804919,0.002544946
moon,2397702.5,334.4640626,-4.2496327,0.002634714
moon,2397799.5,161.6532055,4.8449358,0.002485663
moon,2397896.5,9.9846021,-4.9926325,0.002658539
moon,2397993.5,199.2709888,4.6541731,0.002435343
moon,2398090.5,45.6774759,-2.7213329,0.002683780
moon,2398187.5,238.4498125,1.2779987,0.002395587
moon,2398284.5,80.3492824,1.1970418,0.002699519
moon,2398381.5,277.1682239,-2.9507869,0.002393869
moon,2398478.5,115.4992507,4.3794255,0.002704946
moon,2398575.5,316.2881635,-5.1345667,0.002421738
moon,2398672.5,150.2095168,5.0116895,0.002699788
moon,2398769.5,353.9685692,-3.8310358,0.002462237
moon,2398866.5,185.4269158,2.6522889,0.002689458
moon,2398963.5,30.5108871,-0.0967021,0.002503966
moon,2399060.5,219.9127908,-1.2458897,0.002676800
moon,2399157.5,66.6109669,3.6452681,0.002525201
moon,2399254.5,254.8980036,-4.4449147,0.002665143
moon,2399351.5,102.5475165,5.1204925,0.002537860
moon,2399448.5,289.7907199,-5.0171511,0.002640894
moon,2399545.5,139.4197561,3.3547521,0.002548163
moon,2399642.5,325.0286888,-2.6527907,0.002602519
moon,2399739.5,175.4781261,-0.5295124,0.002565550
moon,2399836.5,0.8253604,1.3766153,0.002548328
moon,2399933.5,212.2277905,-4.1487307,0.002603941
moon,2400030.5,37.8346003,4.5554991,0.002484739
moon,2400127.5,248.0213430,-5.1795019,0.002638145
moon,2400224.5,76.2047841,4.7551960,0.002441101
moon,2400321.5,283.7857045,-3.1313900,0.002678228
moon,2400418.5,114.9229078,1.6633442,0.002415353
moon,2400515.5,318.4236966,0.7396070,0.002700189
moon,2400612.5,153.2241632,-2.5813354,0.002427026
moon,2400709.5,353.2159046,4.0629680,0.002712315
moon,2400806.5,191.0199337,-5.1119416,0.002448952
moon,2400903.5,27.7509170,4.9872032,0.002715116
moon,2401000.5,228.1009598,-4.3561060,0.002472666
moon,2401097.5,62.5232253,2.9232774,0.002709907
moon,2401194.5,264.3772567,-0.9003230,0.002486696
moon,2401291.5,96.7627778,-0.8764762,0.002702136
moon,2401388.5,301.0818139,3.0464117,0.002482351
moon,2401485.5,131.3839433,-4.2463232,0.002686557
moon,2401582.5,337.8782845,5.0096184,0.002484548
moon,2401679.5,166.2648024,-5.1903640,0.002655566
moon,2401776.5,16.0919789,3.6092233,0.002496364
moon,2401873.5,201.6690276,-3.1168629,0.002610969
moon,2401970.5,52.8743215,-0.1988023,0.002529473
moon,2402067.5,237.9011911,0.8511161,0.002552344
moon,2402164.5,90.1240208,-3.9667667,0.002583942
moon,2402261.5,274.9081693,4.2479923,0.002501987
moon,2402358.5,125.7714804,-5.2622533,0.002629737
moon,2402455.5,313.2504765,4.7949712,0.002469543
moon,2402552.5,161.4189692,-3.4624887,0.002675113
moon,2402649.5,350.8355905,2.0644721,0.002460594
moon,2402746.5,195.8131700,0.2849182,0.002696687
moon,2402843.5,28.3363606,-2.0866782,0.002468412
moon,2402940.5,230.4049436,3.7497188,0.002712720
moon,2403037.5,64.7821085,-4.9368437,0.002475153
moon,2403134.5,264.9124964,4.9608145,0.002715504
moon,2403231.5,101.8516023,-4.7334898,0.002469426
moon,2403328.5,299.5061751,3.1838673,0.002717159
moon,2403425.5,138.2454737,-1.6023841,0.002456089
moon,2403522.5,333.9720944,-0.5241126,0.002708083
moon,2403619.5,176.1780769,2.5390444,0.002435980
moon,2403716.5,8.4267057,-4.0305894,0.002694381
moon,2403813.5,213.9642446,4.9138046,0.002435520
moon,2403910.5,43.7825599,-5.2621886,0.002660125
moon,2404007.5,253.1373577,3.8595902,0.002463733
moon,2404104.5,79.1402223,-3.4276161,0.002620118
moon,2404201.5,290.3889274,0.1544269,0.002510638
moon,2404298.5,115.7107295,0.4915917,0.002572138
moon,2404395.5,327.3020887,-3.6973496,0.002576269
moon,2404492.5,152.1004896,4.0190721,0.002537280
moon,2404589.5,2.9038118,-5.2800668,0.002623503
moon,2404686.5,189.6752457,4.9076145,0.002521000
moon,2404783.5,38.0922823,-3.7721505,0.002662456
moon,2404880.5,226.1018117,2.5562609,0.002512010
moon,2404977.5,72.7297095,-0.1249018,0.002682116
moon,2405074.5,262.5139166,-1.4564663,0.002506774
moon,2405171.5,107.2155607,3.5003315,0.002694376
moon,2405268.5,298.5818853,-4.6609855,0.002487649
moon,2405365.5,142.1179023,5.0239489,0.002703890
moon,2405462.5,335.7161655,-5.0027867,0.002452651
moon,2405559.5,176.8480195,3.5070662,0.002707452
moon,2405656.5,13.2028246,-2.1641393,0.002422616
moon,2405753.5,211.6478251,-0.1163557,0.002705746
moon,2405850.5,52.0086338,2.1247429,0.002397331
moon,2405947.5,246.2816394,-3.7799236,0.002694838
moon,2406044.5,90.7705301,4.8829133,0.002411556
moon,2406141.5,281.7922609,-5.2579511,0.002667109
moon,2406238.5,129.9753937,4.1992444,0.002451623
moon,2406335.5,317.1597639,-3.6588104,0.002639754
moon,2406432.5,167.1158653,0.6938907,0.002510139
moon,2406529.5,353.3528888,0.1572423,0.002605990
moon,2406626.5,203.4882028,-3.2580262,0.002569065
moon,2406723.5,28.9497227,3.7954502,0.002587908
moon,2406820.5,238.9257621,-5.1897006,0.002606828
moon,2406917.5,65.4210575,5.0602284,0.002574190
moon,2407014.5,274.1532800,-4.0610005,0.002634568
moon,2407111.5,100.9179719,3.1458143,0.002558454
moon,2407208.5,309.3253960,-0.5380951,0.002647671
moon,2407305.5,136.8080768,-0.7176360,0.002530116
moon,2407402.5,344.1580649,3.2509258,0.002663551
moon,2407499.5,172.9353558,-4.2315649,0.002486320
moon,2407596.5,19.7288969,5.0996867,0.002679866
moon,2407693.5,210.6593288,-5.0974797,0.002434364
moon,2407790.5,54.6577355,3.8463372,0.002693800
moon,2407887.5,249.2352838,-2.5739893,0.002397676
moon,2407984.5,89.9027033,0.3238444,0.002701412
moon,2408081.5,288.3972326,1.7432301,0.002385621
moon,2408178.5,124.4547957,-3.4298903,0.002698353
moon,2408275.5,327.5059056,4.8157244,0.002412341
moon,2408372.5,159.9622072,-5.1345359,0.002684157
moon,2408469.5,5.7864337,4.5523366,0.002458878
moon,2408566.5,194.9821567,-3.8095417,0.002666678
moon,2408663.5,42.7880544,1.3485913,0.002511217
moon,2408760.5,230.4741913,-0.1706550,0.002649975
moon,2408857.5,78.4580016,-2.6508163,0.002551159
moon,2408954.5,265.4011687,3.5381311,0.002633976
moon,2409051.5,114.3937631,-4.9700693,0.002573862
moon,2409148.5,300.7932045,5.1516501,0.002619090
moon,2409245.5,149.9299843,-4.2584556,0.002587544
moon,2409342.5,336.1673350,3.6674536,0.002585387
moon,2409439.5,186.1682394,-0.8701832,0.002604601
moon,2409536.5,11.7250804,-0.0248959,0.002539870
moon,2409633.5,221.5758483,3.0444331,0.002625384
moon,2409730.5,48.7049512,-3.7770948,0.002479573
moon,2409827.5,257.6913901,5.1515943,0.002659145
moon,2409924.5,86.6407252,-5.0645666,0.002425565
moon,2410021.5,292.9155928,4.1346165,0.002682109
moon,2410118.5,126.0509181,-2.8386310,0.002400291
moon,2410215.5,328.0850682,0.7325467,0.002701828
moon,2410312.5,164.6451706,1.3794728,0.002400092
moon,2410409.5,2.6566869,-3.0780405,0.002707179
moon,2410506.5,203.2066420,4.6844444,0.002435691
moon,2410603.5,37.6644246,-4.9951068,0.002702984
moon,2410700.5,240.5166523,4.8797435,0.002469888
moon,2410797.5,72.4329540,-3.9415974,0.002696272
moon,2410894.5,277.1669005,2.0424862,0.002501491
moon,2410991.5,107.2047395,-0.4987385,0.002684704
moon,2411088.5,312.9762393,-2.0178328,0.002518189
moon,2411185.5,141.7214450,3.2799705,0.002668997
moon,2411282.5,349.6334265,-4.7428666,0.002522235
moon,2411379.5,176.6491960,5.2145801,0.002644472
moon,2411476.5,26.1728981,-4.4273282,0.002535140
moon,2411573.5,212.1389242,4.1094451,0.002597141
moon,2411670.5,63.4539874,-1.1726451,0.002559662
moon,2411767.5,247.9546939,0.5349302,0.002544037
moon,2411864.5,99.4267314,2.8495702,0.002598075
moon,2411961.5,285.4908594,-3.3924011,0.002480169
moon,2412058.5,135.7817467,5.1846024,0.002645104
moon,2412155.5,323.3913710,-5.0335847,0.002441481
moon,2412252.5,170.9311303,4.4199501,0.002678120
moon,2412349.5,2.6388904,-3.1546898,0.002428151
moon,2412446.5,205.9215681,1.1375948,0.002704529
moon,2412543.5,40.0692369,0.8906400,0.002437654
moon,2412640.5,240.2805294,-2.7163566,0.002712672
moon,2412737.5,77.7836887,4.4212593,0.002461820
moon,2412834.5,274.8978747,-4.8944143,0.002717371
moon,2412931.5,114.2258229,5.1552564,0.002474348
moon,2413028.5,309.5528216,-4.1534696,0.002712201
moon,2413125.5,151.1600026,2.7182261,0.002476914
moon,2413222.5,343.8984364,-0.9029632,0.002705733
moon,2413319.5,187.5482973,-1.3731058,0.002471169
moon,2413416.5,18.5302787,2.9568211,0.002683845
moon,2413513.5,225.3637108,-4.5279501,0.002469263
moon,2413610.5,53.2416795,5.1968823,0.002655784
moon,2413707.5,263.0510093,-4.6130786,0.002487682
moon,2413804.5,89.2892024,4.4178834,0.002602870
moon,2413901.5,300.9127405,-1.5495858,0.002530525
moon,2413998.5,125.1394924,0.9977659,0.002553585
moon,2414095.5,337.3121967,2.5350234,0.002583254
moon,2414192.5,162.8386694,-3.0503173,0.002504251
moon,2414289.5,13.2299339,5.0900576,0.002637925
moon,2414386.5,200.0872714,-4.9994820,0.002479208
moon,2414483.5,48.4376294,4.6321474,0.002674234
moon,2414580.5,238.2439486,-3.5680564,0.002477517
moon,2414677.5,83.0043635,1.5509110,0.002697849
moon,2414774.5,274.7277184,0.2356103,0.002478162
moon,2414871.5,117.4960442,-2.3503656,0.002709534
moon,2414968.5,311.3690058,3.9435348,0.002480333
moon,2415065.5,151.8841366,-4.7918086,0.002714251
moon,2415162.5,347.9977263,5.2470478,0.002464571
moon,2415259.5,186.7047400,-4.3854980,0.002715713
moon,2415356.5,25.2885550,3.2608510,0.002440272
moon,2415453.5,221.1051713,-1.3211225,0.002708269
moon,2415550.5,63.1116242,-0.8403007,0.002426112
moon,2415647.5,255.9130035,2.5678767,0.002688394
moon,2415744.5,101.6838306,-4.3274950,0.002426175
moon,2415841.5,290.8787212,5.0633896,0.002660711
moon,2415938.5,140.3021540,-4.7947721,0.002464477
moon,2416035.5,327.0371865,4.5568633,0.002614460
moon,2416132.5,178.0810357,-1.9770546,0.002517036
moon,2416229.5,2.9123596,1.3091652,0.002579670
moon,2416326.5,214.3528056,2.0711732,0.002579047
moon,2416423.5,39.9031606,-2.7510288,0.002546373
moon,2416520.5,249.8773465,4.8683729,0.002627874
moon,2416617.5,76.2392359,-4.9717311,0.002533969
moon,2416714.5,285.0269633,4.7518487,0.002657529
moon,2416811.5,113.1091188,-4.0049127,0.002527118
moon,2416908.5,319.6674171,1.8961217,0.002677157
moon,2417005.5,148.8765539,-0.4957474,0.002511204
moon,2417102.5,354.5150618,-2.0520751,0.002687394
moon,2417199.5,185.1463229,3.3789640,0.002485340
moon,2417296.5,29.0850680,-4.7376588,0.002698525
moon,2417393.5,222.3383553,5.1891530,0.002443137
moon,2417490.5,64.3448262,-4.6272757,0.002705147
moon,2417587.5,260.4289174,3.6190614,0.002407831
moon,2417684.5,98.8900004,-1.7282454,0.002704384
moon,2417781.5,299.5481348,-0.4589634,0.002394295
moon,2417878.5,134.0082579,2.1960463,0.002691259
moon,2417975.5,338.2885503,-4.1772244,0.002410281
moon,2418072.5,168.9682879,4.8798115,0.002670108
moon,2418169.5,17.2021617,-5.0159970,0.002461464
moon,2418266.5,204.9564724,4.6204730,0.002640979
moon,2418363.5,54.2040487,-2.5085109,0.002515805
moon,2418460.5,240.4589320,1.5749701,0.002616964
moon,2418557.5,90.4034828,1.4959629,0.002570813
moon,2418654.5,276.3355241,-2.4568403,0.002600032
moon,2418751.5,125.5148542,4.5665875,0.002603740
moon,2418848.5,311.9469412,-4.9638712,0.002583801
moon,2418945.5,161.1659569,4.8437241,0.002624864
moon,2419042.5,347.6388217,-4.4572111,0.002567292
moon,2419139.5,196.2098326,2.2250145,0.002637738
moon,2419236.5,23.5509990,-1.2277426,0.002526506
moon,2419333.5,231.7569244,-1.7872639,0.002656279
moon,2419430.5,59.6467914,2.7867953,0.002480100
moon,2419527.5,266.8162605,-4.7216567,0.002673612
moon,2419624.5,98.0090489,5.0549508,0.002424498
moon,2419721.5,302.3401286,-4.8790854,0.002694050
moon,2419818.5,136.4822247,3.8883814,0.002390531
moon,2419915.5,337.2304855,-2.1426545,0.002700758
moon,2420012.5,176.3061985,-0.0907363,0.002393195
moon,2420109.5,12.1492656,1.7922472,0.002698757
moon,2420206.5,214.5094958,-3.9662609,0.002417787
moon,2420303.5,47.1320449,4.6539508,0.002688715
moon,2420400.5,252.8027255,-5.2154172,0.002472309
moon,2420497.5,82.4467666,4.6863921,0.002672611
moon,2420594.5,289.2944420,-3.1149123,0.002512134
moon,2420691.5,117.5259496,1.8891342,0.002659924
moon,2420788.5,325.2874383,0.7996955,0.002546237
moon,2420885.5,152.4384180,-2.0884318,0.002644662
moon,2420982.5,0.8387837,4.1834844,0.002563622
moon,2421079.5,187.5092570,-4.8769238,0.002621463
moon,2421176.5,37.1787588,4.9057477,0.002573953
moon,2421273.5,222.8339959,-4.8165489,0.002588983
moon,2421370.5,73.2056611,2.5330218,0.002593800
moon,2421467.5,259.0404714,-1.8797997,0.002529317
moon,2421564.5,109.4302849,-1.5042125,0.002621790
moon,2421661.5,295.5809452,2.2371873,0.002475790
moon,2421758.5,144.9177134,-4.6421773,0.002655921
moon,2421855.5,334.5665265,4.8719410,0.002420417
moon,2421952.5,180.5412818,-5.0501951,0.002686704
moon,2422049.5,13.0553015,4.0958496,0.002402967
moon,2422146.5,215.4047415,-2.5243711,0.002702453
moon,2422243.5,52.4935415,0.3630607,0.002415925
moon,2422340.5,250.0717960,1.3926145,0.002710369
moon,2422437.5,89.6731638,-3.5918980,0.002442928
moon,2422534.5,284.7852482,4.4065322,0.002706360
moon,2422631.5,127.2336776,-5.2809888,0.002479854
moon,2422728.5,319.5188908,4.7490736,0.002702047
moon,2422825.5,163.4180167,-3.6774206,0.002496148
moon,2422922.5,354.3146552,2.2355610,0.002689686
moon,2423019.5,199.8585789,0.1303883,0.002506238
moon,2423116.5,28.6293269,-1.6786521,0.002674659
moon,2423213.5,236.3022045,3.8003026,0.002509301
moon,2423310.5,63.7473599,-4.7073187,0.002639305
moon,2423407.5,273.6175375,4.9517348,0.002522427
moon,2423504.5,98.9831513,-5.0323795,0.002597928
moon,2423601.5,310.7586699,2.8212631,0.002553842
moon,2423698.5,135.8108331,-2.3253247,0.002532913
moon,2423795.5,347.2292462,-1.1864842,0.002598798
moon,2423892.5,172.5172261,1.8093211,0.002483281
moon,2423989.5,23.0677367,-4.4850185,0.002646330
moon,2424086.5,211.3910389,4.7234437,0.002445818
moon,2424183.5,58.2697153,-5.1431953,0.002683105
moon,2424280.5,249.3112240,4.3333306,0.002438470
moon,2424377.5,93.1887867,-2.8331304,0.002704875
moon,2424474.5,287.4264977,0.9537934,0.002455087
moon,2424571.5,127.4192605,1.0262023,0.002714304
moon,2424668.5,323.9837782,-3.0706121,0.002466023
moon,2424765.5,162.0366169,4.2156956,0.002717937
moon,2424862.5,0.6984065,-5.2141348,0.002475289
moon,2424959.5,196.4599555,4.8661963,0.002714535
moon,2425056.5,37.6298483,-4.1185313,0.002465865
moon,2425153.5,231.1628865,2.6292202,0.002705661
moon,2425250.5,74.6146403,-0.4510847,0.002455408
moon,2425347.5,265.5321136,-1.2563223,0.002685043
moon,2425444.5,112.5817216,3.5106514,0.002460208
moon,2425541.5,300.7093068,-4.4805663,0.002646847
moon,2425638.5,150.5252841,5.0434155,0.002480522
moon,2425735.5,336.3717882,-5.1288498,0.002604340
moon,2425832.5,188.4053851,3.1821431,0.002533923
moon,2425929.5,13.2122658,-2.6403001,0.002548020
moon,2426026.5,224.7607918,-0.7683037,0.002586503
moon,2426123.5,49.9142640,1.4762698,0.002514326
moon,2426220.5,260.4113869,-4.2013398,0.002641214
moon,2426317.5,87.7151743,4.6035513,0.002491408
moon,2426414.5,295.3813183,-5.1745921,0.002675559
moon,2426511.5,124.7026361,4.6505937,0.002489809
moon,2426608.5,330.2177119,-3.1290576,0.002694628
moon,2426705.5,161.5561945,1.6673439,0.002491781
moon,2426802.5,4.4667340,0.6727601,0.002706225
moon,2426899.5,197.6967163,-2.3819551,0.002478086
moon,2426996.5,39.1711498,4.0588260,0.002711221
moon,2427093.5,234.3699244,-5.0076117,0.002458585
moon,2427190.5,73.6583097,5.0226816,0.002713696
moon,2427287.5,272.3561445,-4.4256227,0.002426239
moon,2427384.5,108.6039456,3.0400471,0.002706283
moon,2427481.5,310.2675848,-0.9256812,0.002412810
moon,2427578.5,143.1301494,-0.7916467,0.002687615
moon,2427675.5,349.4737720,3.2657115,0.002426190
moon,2427772.5,178.5168850,-4.1916629,0.002655259
moon,2427869.5,27.4888733,5.1376760,0.002463268
moon,2427966.5,214.2771936,-5.1149207,0.002618943
moon,2428063.5,65.5442815,3.6060229,0.002528080
moon,2428160.5,250.7219318,-2.8782452,0.002583133
moon,2428257.5,101.3178340,-0.1970594,0.002580236
moon,2428354.5,286.9441598,1.1394640,0.002559761
moon,2428451.5,136.8866182,-3.7867507,0.002629097
moon,2428548.5,323.2865207,4.4328726,0.002548144
moon,2428645.5,171.6897116,-5.1220496,0.002652656
moon,2428742.5,359.5890881,4.9511691,0.002534746
moon,2428839.5,206.8880450,-3.3844383,0.002669697
moon,2428936.5,35.4018150,2.3980690,0.002518004
moon,2429033.5,241.5230071,0.3443694,0.002679831
moon,2429130.5,71.9820527,-1.6516526,0.002475447
moon,2429227.5,276.5501802,3.9055844,0.002694104
moon,2429324.5,108.8223503,-4.6893931,0.002435315
moon,2429421.5,311.4846971,5.1610026,0.002701410
moon,2429518.5,148.2073001,-4.5787603,0.002396835
moon,2429615.5,346.5076030,3.4046518,0.002703529
moon,2429712.5,186.6692384,-1.2965263,0.002389011
moon,2429809.5,21.4254367,-0.3592620,0.002690993
moon,2429906.5,226.2686197,2.9967404,0.002421214
moon,2430003.5,56.5180760,-3.8759885,0.002670344
moon,2430100.5,263.9208169,5.1841566,0.002464281
moon,2430197.5,92.2400129,-5.0404539,0.002648194
moon,2430294.5,301.3517951,4.0483157,0.002527278
moon,2430391.5,127.8290413,-3.0991245,0.002626387
moon,2430488.5,336.9884629,0.4392841,0.002566674
moon,2430585.5,163.3518330,0.7682494,0.002612099
moon,2430682.5,12.4088172,-3.3099559,0.002597848
moon,2430779.5,198.6166418,4.2137537,0.002595359
moon,2430876.5,47.8245923,-5.0310513,0.002614363
moon,2430973.5,234.3492223,5.1786879,0.002566366
moon,2431070.5,83.5611152,-3.6168490,0.002627264
moon,2431167.5,270.0924351,3.0190178,0.002528224
moon,2431264.5,119.0136024,0.0495393,0.002648663
moon,2431361.5,307.1394476,-0.9981490,0.002464954
moon,2431458.5,154.4196500,3.7604710,0.002671300
moon,2431555.5,344.7057132,-4.3762730,0.002420621
moon,2431652.5,189.6815273,5.2623500,0.002692424
moon,2431749.5,24.6907140,-4.6907729,0.002387657
moon,2431846.5,224.7630612,3.7074599,0.002703277
moon,2431943.5,63.2356658,-1.6680708,0.002396889
moon,2432040.5,259.6437621,0.0432409,0.002699823
moon,2432137.5,102.2261813,2.6148007,0.002435109
moon,2432234.5,294.3910438,-3.5803443,0.002692940
moon,2432331.5,139.1226599,5.1331539,0.002475070
moon,2432428.5,329.6850502,-4.9998629,0.002679568
moon,2432525.5,176.0534280,4.4630670,0.002517783
moon,2432622.5,4.5212078,-3.3726896,0.002669098
moon,2432719.5,211.8104609,1.1038026,0.002536022
moon,2432816.5,39.5259439,0.3260547,0.002651070
moon,2432913.5,247.7104651,-2.8366411,0.002551171
moon,2433010.5,74.1456377,3.9268415,0.002627254
moon,2433107.5,284.1483369,-4.9614732,0.002562113
moon,2433204.5,109.9383450,5.2960444,0.002580676
moon,2433301.5,320.6206649,-3.8693569,0.002583641
moon,2433398.5,145.8774747,3.5048833,0.002529256
moon,2433495.5,357.0002540,-0.2778378,0.002619075
moon,2433592.5,183.5405338,-0.4837039,0.002463651
moon,2433689.5,32.4411768,3.5436464,0.002655844
moon,2433786.5,221.4509383,-4.1028093,0.002424506
moon,2433883.5,67.9742041,5.2761524,0.002688880
moon,2433980.5,261.0280552,-4.8292444,0.002410279
moon,2434077.5,102.6993775,3.9665487,0.002705928
moon,2434174.5,299.1579173,-2.1550467,0.002425396
moon,2434271.5,137.5183746,0.4134209,0.002712234
moon,2434368.5,336.7672364,2.0219611,0.002458130
moon,2434465.5,171.7844287,-3.2870550,0.002710284
moon,2434562.5,13.4278648,4.9146060,0.002478201
moon,2434659.5,206.6772917,-4.9945876,0.002706565
moon,2434756.5,49.8896699,4.7876124,0.002492491
moon,2434853.5,241.1721116,-3.6962865,0.002694627
moon,2434950.5,86.7404150,1.6894832,0.002491761
moon,2435047.5,275.8350543,-0.1793774,0.002674690
moon,2435144.5,123.2604592,-2.3968761,0.002494617
moon,2435241.5,310.6091433,3.5720694,0.002639743
moon,2435338.5,161.0885648,-4.9201068,0.002516187
moon,2435435.5,346.4213875,5.2777950,0.002587107
moon,2435532.5,198.0906506,-4.1380644,0.002547724
moon,2435629.5,23.0158704,3.7961680,0.002534558
moon,2435726.5,234.9310348,-0.6874782,0.002603828
moon,2435823.5,60.5332511,-0.0867418,0.002480143
moon,2435920.5,270.2983656,3.2188410,0.002647247
moon,2436017.5,98.3586694,-3.8666173,0.002457687
moon,2436114.5,305.5817381,5.1745914,0.002686427
moon,2436211.5,136.6495386,-4.9817140,0.002452421
moon,2436308.5,340.1929459,4.1536794,0.002705654
moon,2436405.5,173.9212504,-2.7594606,0.002464948
moon,2436502.5,14.7814409,0.7528282,0.002713629
moon,2436599.5,210.5130213,1.2849258,0.002475150
moon,2436696.5,48.9525150,-3.0247366,0.002717602
moon,2436793.5,247.1135665,4.5270281,0.002466458
moon,2436890.5,83.6606768,-5.0159997,0.002715319
moon,2436987.5,283.9840866,4.9634229,0.002456120
moon,2437084.5,118.1546260,-4.0348191,0.002705543
moon,2437181.5,322.1532406,2.1425149,0.002440338
moon,2437278.5,152.9226697,-0.6630040,0.002682659
moon,2437375.5,359.6109170,-2.0490406,0.002448577
moon,2437472.5,187.9253462,3.1803927,0.002644840
moon,2437569.5,38.4290264,-4.9104319,0.002484223
moon,2437666.5,223.8969562,5.1650955,0.002598888
moon,2437763.5,75.4879767,-4.4374288,0.002532107
moon,2437860.5,260.6726721,3.9599733,0.002553612
moon,2437957.5,112.3519441,-1.1695801,0.002597026
moon,2438054.5,297.5291288,0.2432243,0.002521077
moon,2438151.5,147.3123713,2.7732759,0.002639997
moon,2438248.5,334.6830796,-3.6281435,0.002506479
moon,2438345.5,182.4723144,5.0022911,0.002676509
moon,2438442.5,11.3915930,-5.1271251,0.002503657
moon,2438539.5,217.0689967,4.3082598,0.002690394
moon,2438636.5,48.1217903,-3.3958918,0.002495938
moon,2438733.5,251.7716171,1.0687467,0.002701721
moon,2438830.5,84.0110668,0.4779066,0.002480374
moon,2438927.5,286.2297781,-2.7971852,0.002706605
moon,2439024.5,121.3362531,4.0616131,0.002443518
moon,2439121.5,320.9530773,-5.0496769,0.002711738
moon,2439218.5,158.8454342,5.0247143,0.002416463
moon,2439315.5,355.8864733,-4.3569234,0.002703351
moon,2439412.5,198.4003261,2.4886249,0.002403815
moon,2439509.5,30.6299144,-1.1166177,0.002686192
moon,2439606.5,236.4970982,-1.7428731,0.002422220
moon,2439703.5,66.0445267,2.7961161,0.002654225
moon,2439800.5,275.3590521,-4.8646583,0.002475870
moon,2439897.5,101.6557109,5.0118179,0.002621217
moon,2439994.5,312.2769541,-4.7498699,0.002528447
moon,2440091.5,138.2227540,4.0908425,0.002593054
moon,2440188.5,348.5461174,-1.7387827,0.002588383
moon,2440285.5,174.0646488,0.6062259,0.002572166
moon,2440382.5,23.5886644,2.2446309,0.002622829
moon,2440479.5,210.1876071,-3.3077702,0.002561095
moon,2440576.5,58.6150988,4.7914106,0.002647137
moon,2440673.5,245.9351559,-5.2077887,0.002544398
moon,2440770.5,93.8371556,4.4491148,0.002661280
moon,2440867.5,282.1947558,-3.9785201,0.002513008
moon,2440964.5,128.8673274,1.3845974,0.002672676
moon,2441061.5,318.4473451,-0.2726534,0.002473332
moon,2441158.5,163.9032779,-2.5616246,0.002689218
moon,2441255.5,356.3901334,3.5887831,0.002418182
moon,2441352.5,198.8400342,-5.0522659,0.002700015
moon,2441449.5,34.9532388,5.0144778,0.002392643
moon,2441546.5,234.0309742,-4.6187975,0.002701553
moon,2441643.5,74.9672381,2.8149682,0.002389926
moon,2441740.5,268.8468452,-1.5086848,0.002693032
moon,2441837.5,113.1608945,-1.3603952,0.002425337
moon,2441934.5,304.1408480,2.4230159,0.002671713
moon,2442031.5,151.3282898,-4.6972692,0.002479803
moon,2442128.5,339.3094021,4.8498446,0.002655348
moon,2442225.5,187.7947450,-5.0140337,0.002526241
moon,2442322.5,15.1945566,4.2579784,0.002637095
moon,2442419.5,223.7971505,-2.3190175,0.002567504
moon,2442516.5,50.1559789,1.0351449,0.002623257
moon,2442613.5,259.1791010,1.6852069,0.002585956
moon,2442710.5,85.5368224,-2.8974365,0.002601904
moon,2442807.5,294.6548135,4.5756317,0.002602940
moon,2442904.5,120.7848950,-5.1783014,0.002569670
moon,2443001.5,330.8445986,4.5988070,0.002618387
moon,2443098.5,157.2256872,-4.3972367,0.002517390
moon,2443195.5,6.3725881,1.7076199,0.002640911
moon,2443292.5,194.0544523,-0.8824900,0.002462493
moon,2443389.5,42.0911074,-2.2933186,0.002670441
moon,2443486.5,232.5479298,3.1904647,0.002409978
moon,2443583.5,76.9881804,-4.9809500,0.002692299
moon,2443680.5,271.6520572,5.0037828,0.002392456
moon,2443777.5,112.3747310,-4.7798375,0.002704953
moon,2443874.5,311.0391396,3.2021183,0.002406022
moon,2443971.5,146.8974922,-1.8500764,0.002703892
moon,2444068.5,348.9443448,-0.8232066,0.002443382
moon,2444165.5,181.9020041,2.0901820,0.002696683
moon,2444262.5,25.8856334,-4.3543231,0.002485281
moon,2444359.5,216.5331516,4.7144504,0.002686631
moon,2444456.5,62.4752314,-5.1650606,0.002511710
moon,2444553.5,251.6865062,4.4763929,0.002677150
moon,2444650.5,98.3751539,-2.8574818,0.002528362
moon,2444747.5,286.3209203,1.5165720,0.002656534
moon,2444844.5,134.9035399,1.1899077,0.002536606
moon,2444941.5,321.1685059,-2.4193753,0.002626707
moon,2445038.5,171.0210910,4.3966855,0.002549273
moon,2445135.5,356.7832712,-5.0403139,0.002578153
moon,2445232.5,208.3088257,4.7791316,0.002580536
moon,2445329.5,33.2939606,-4.6485387,0.002518596
moon,2445426.5,244.2989683,2.0616923,0.002613900
moon,2445523.5,70.9770923,-1.2995386,0.002464851
moon,2445620.5,280.2003921,-1.9359171,0.002660621
moon,2445717.5,109.1553818,2.8607732,0.002424908
moon,2445814.5,315.1027681,-4.8140396,0.002689358
moon,2445911.5,148.0500835,5.0219226,0.002423521
moon,2446008.5,350.1703727,-4.8653298,0.002708924
moon,2446105.5,186.1997413,3.6708034,0.002438080
moon,2446202.5,24.6072460,-2.1414923,0.002714630
moon,2446299.5,223.3542238,-0.0953138,0.002464798
moon,2446396.5,59.1412127,1.7791990,0.002712853
moon,2446493.5,259.6893183,-3.8497814,0.002480746
moon,2446590.5,93.5251940,4.6131437,0.002709386
moon,2446687.5,296.5666633,-5.1853626,0.002479133
moon,2446784.5,128.2764099,4.7192244,0.002698607
moon,2446881.5,333.2644869,-3.2849411,0.002479162
moon,2446978.5,162.8842809,2.0238717,0.002673944
moon,2447075.5,11.0596855,0.7812982,0.002481656
moon,2447172.5,197.7830299,-1.9361967,0.002637072
moon,2447269.5,48.0511573,4.2658469,0.002506679
moon,2447366.5,233.7528830,-4.8139911,0.002582152
moon,2447463.5,86.0141358,4.9794225,0.002553492
moon,2447560.5,270.4279432,-4.7551315,0.002531216
moon,2447657.5,122.0671589,2.4811645,0.002601957
moon,2447754.5,308.2739575,-1.6094613,0.002487129
moon,2447851.5,157.8657530,-1.4927393,0.002655464
moon,2447948.5,345.5579767,2.5447465,0.002467157
moon,2448045.5,192.4971730,-4.5440653,0.002685119
moon,2448142.5,23.5878465,5.0275886,0.002468507
moon,2448239.5,227.3745437,-4.9022758,0.002706824
moon,2448336.5,60.3396986,4.1827799,0.002475282
moon,2448433.5,261.8191900,-2.4167859,0.002711758
moon,2448530.5,97.1541236,0.7142750,0.002475173
moon,2448627.5,296.1759385,1.4808951,0.002716553
moon,2448724.5,133.2701369,-3.2285449,0.002462639
moon,2448821.5,330.7147704,4.5328020,0.002713146
moon,2448918.5,171.1160617,-5.0962372,0.002438553
moon,2449015.5,5.2950351,4.9505529,0.002705791
moon,2449112.5,208.8781693,-3.5991399,0.002429344
moon,2449209.5,40.3560373,2.4858370,0.002678139
moon,2449306.5,247.7824920,0.4331703,0.002442972
moon,2449403.5,75.2143611,-1.4735096,0.002644007
moon,2449500.5,285.4235675,4.1417699,0.002481920
moon,2449597.5,111.5793539,-4.5544678,0.002596532
moon,2449694.5,323.1833071,5.1660134,0.002543356
moon,2449791.5,147.8787120,-4.7971804,0.002559292
moon,2449888.5,359.2617503,2.9448332,0.002596311
moon,2449985.5,185.2108540,-1.9160812,0.002533872
moon,2450082.5,34.5082819,-0.9608468,0.002644523
moon,2450179.5,221.4040399,2.1723762,0.002519789
moon,2450276.5,69.3037177,-4.2166489,0.002670927
moon,2450373.5,258.1474764,4.9514571,0.002516084
moon,2450470.5,104.0400791,-4.9279139,0.002686443
moon,2450567.5,294.3213451,4.6430350,0.002500713
moon,2450664.5,138.9648648,-2.6900905,0.002696457
moon,2450761.5,330.8596670,1.5081638,0.002471660
moon,2450858.5,173.4512411,1.1844239,0.002702638
moon,2450955.5,7.8196858,-2.6067127,0.002436632
moon,2451052.5,208.3239143,4.4299678,0.002707978
moon,2451149.5,46.4107134,-4.9550583,0.002400305
moon,2451246.5,243.0919448,5.1296297,0.002703037
moon,2451343.5,85.4534716,-3.8402818,0.002400300
moon,2451440.5,278.3531847,2.8765277,0.002682063
moon,2451537.5,124.5906711,0.0577608,0.002425766
moon,2451634.5,313.3168248,-1.0631554,0.002657486
moon,2451731.5,162.2798001,3.9141507,0.002480769
moon,2451828.5,349.3885744,-4.2952898,0.002623498
moon,2451925.5,199.4325806,5.2813081,0.002539229
moon,2452022.5,25.1507052,-4.8342214,0.002603687
moon,2452119.5,235.2809550,3.4214975,0.002585278
moon,2452216.5,61.4824573,-2.2909862,0.002586250
moon,2452313.5,270.4173200,-0.3972904,0.002619947
moon,2452410.5,96.7297771,1.6986651,0.002571629
moon,2452507.5,305.5866338,-3.8760468,0.002636563
moon,2452604.5,132.6299930,4.7571537,0.002549814
moon,2452701.5,340.7065080,-4.9557802,0.002652171
moon,2452798.5,168.6523910,4.9731050,0.002511206
moon,2452895.5,16.3917131,-2.9749760,0.002667039
moon,2452992.5,205.5648754,2.1485193,0.002461167
moon,2453089.5,51.1794915,0.8683951,0.002683902
moon,2453186.5,243.4803939,-2.0699508,0.002412961
moon,2453283.5,86.5105874,4.2722096,0.002699071
moon,2453380.5,282.5548226,-4.8150765,0.002384737
moon,2453477.5,121.2624635,5.2202199,0.002702389
moon,2453574.5,322.2426508,-4.0914101,0.002396360
moon,2453671.5,156.6221711,3.1574127,0.002693415
moon,2453768.5,0.6559482,-0.4372839,0.002433613
moon,2453865.5,191.3208323,-0.6993476,0.002677863
moon,2453962.5,38.1159160,3.5201775,0.002487270
moon,2454059.5,226.7868574,-4.0656350,0.002661708
moon,2454156.5,74.3699985,5.2806675,0.002530163
moon,2454253.5,261.9539849,-4.9118233,0.002646948
moon,2454350.5,110.5575300,3.8307183,0.002559175
moon,2454447.5,297.2532282,-2.7302375,0.002633903
moon,2454544.5,145.8415897,0.1437607,0.002575954
moon,2454641.5,332.2306711,1.1589703,0.002605210
moon,2454738.5,181.9874837,-3.5875595,0.002590734
moon,2454835.5,7.5475654,4.4629019,0.002568316
moon,2454932.5,217.7509785,-5.0166541,0.002608112
moon,2455029.5,44.2567817,5.1324896,0.002510298
moon,2455126.5,254.1702824,-3.2884795,0.002639650
moon,2455223.5,81.3703510,2.6092376,0.002453635
moon,2455320.5,289.3791016,0.5177587,0.002666657
moon,2455417.5,120.2194475,-1.6756363,0.002411342
moon,2455514.5,324.6841074,4.0333578,0.002695302
moon,2455611.5,158.9123057,-4.7052277,0.002395339
moon,2455708.5,359.5281841,5.2205199,0.002706599
moon,2455805.5,198.2535069,-4.4171769,0.002420546
moon,2455902.5,34.4733596,3.3824153,0.002707007
moon,2455999.5,235.7002128,-1.0770013,0.002451704
moon,2456096.5,69.0077803,-0.3796836,0.002701954
moon,2456193.5,272.5213750,2.9315327,0.002488781
moon,2456290.5,103.7336987,-3.8647959,0.002692945
moon,2456387.5,308.6649260,5.1540668,0.002507544
moon,2456484.5,138.4949163,-5.0375748,0.002682110
moon,2456581.5,345.3676651,4.1639709,0.002513359
moon,2456678.5,173.2839706,-3.1938501,0.002662571
moon,2456775.5,21.6481127,0.6044814,0.002523197
moon,2456872.5,208.2443321,0.5766433,0.002622473
moon,2456969.5,58.8001326,-3.3588568,0.002539799
moon,2457066.5,243.6839506,4.1154863,0.002575496
moon,2457163.5,95.3395661,-5.1149122,0.002573844
moon,2457260.5,280.9148417,5.1577698,0.002510337
moon,2457357.5,132.1598592,-3.6342418,0.002619207
moon,2457454.5,318.2443741,2.9162057,0.002464600
moon,2457551.5,167.4259722,0.0736445,0.002659462
moon,2457648.5,357.0848094,-1.3301787,0.002434392
moon,2457745.5,202.5552222,3.7081100,0.002694743
moon,2457842.5,34.7839970,-4.5792204,0.002433466
moon,2457939.5,237.2090241,5.1458077,0.002709205
moon,2458036.5,73.1809471,-4.7756287,0.002454092
moon,2458133.5,271.8564639,3.5823161,0.002717024
moon,2458230.5,109.6367131,-1.8439227,0.002469042
moon,2458327.5,306.2833431,-0.0585345,0.002714143
moon,2458424.5,146.3282909,2.2122187,0.002476759
moon,2458521.5,340.5598146,-3.6598989,0.002711937
moon,2458618.5,182.7933770,4.8967865,0.002469479
moon,2458715.5,15.3452100,-5.1586707,0.002697435
moon,2458812.5,220.5763930,4.3930503,0.002461790
moon,2458909.5,49.9097854,-3.6290204,0.002675835
moon,2459006.5,258.1215531,0.9815471,0.002471403
moon,2459103.5,85.3375432,0.0377738,0.002629006
moon,2459200.5,295.9910961,-3.1378109,0.002503657
moon,2459297.5,120.8125735,3.7365877,0.002582635
moon,2459394.5,333.1299485,-5.1937066,0.002553502
moon,2459491.5,158.3541612,5.0880256,0.002528407
moon,2459588.5,9.6311017,-3.9890254,0.002609688
moon,2459685.5,195.3357468,3.1515776,0.002495972
moon,2459782.5,44.9815280,-0.4236050,0.002655020
moon,2459879.5,233.2514569,-0.9344680,0.002482739
moon,2459976.5,79.6073990,3.3057100,0.002687288
moon,2460073.5,269.9319258,-4.3729031,0.002479843
moon,2460170.5,114.3827171,5.0261148,0.002703855
moon,2460267.5,307.0053268,-5.0718254,0.002485532
moon,2460364.5,148.8485594,3.7716347,0.002710365
moon,2460461.5,343.4144526,-2.5838078,0.002473146
moon,2460558.5,183.4836888,0.2595830,0.002714338
moon,2460655.5,20.0625873,1.4692999,0.002451186
moon,2460752.5,217.7577812,-3.4556698,0.002712010
moon,2460849.5,57.8108970,4.5888280,0.002427879
moon,2460946.5,252.6764774,-5.2305766,0.002701367
moon,2461043.5,96.4059264,4.5495401,0.002415644
moon,2461140.5,287.5127811,-3.9697324,0.002678912
moon,2461237.5,135.2077257,1.3108407,0.002441880
moon,2461334.5,323.0672943,-0.4093755,0.002637328
moon,2461431.5,173.1151271,-2.8758679,0.002485473
moon,2461528.5,358.6886842,3.3982749,0.002601952
moon,2461625.5,210.2254289,-5.1986908,0.002549229
moon,2461722.5,35.6898397,5.0175519,0.002563906
moon,2461819.5,246.3091347,-4.3222540,0.002601503
moon,2461916.5,72.0429149,3.4073988,0.002547110
moon,2462013.5,281.5116243,-0.9466349,0.002641020
moon,2462110.5,108.6612784,-0.4502367,0.002535987
moon,2462207.5,316.1100300,2.8964034,0.002666618
moon,2462304.5,144.4411481,-4.0593437,0.002523084
moon,2462401.5,351.1654753,4.9347792,0.002679129
moon,2462498.5,180.8149038,-5.2562681,0.002503653
moon,2462595.5,25.9245160,3.9838564,0.002690466
moon,2462692.5,217.5439265,-3.2200568,0.002463445
moon,2462789.5,61.0374508,0.5912481,0.002699339
moon,2462886.5,254.7814693,0.8268986,0.002424099
moon,2462983.5,95.4910016,-3.2288996,0.002704869
moon,2463080.5,293.7753814,4.3216911,0.002393978
moon,2463177.5,130.7146119,-5.2411913,0.002700624
moon,2463274.5,332.8234699,4.7091776,0.002394603
moon,2463371.5,165.6227869,-4.2300350,0.002684144
moon,2463468.5,12.1905387,1.7161337,0.002434969
moon,2463565.5,201.1349336,-0.7681503,0.002657192
moon,2463662.5,49.4031731,-2.4626742,0.002485974
moon,2463759.5,236.4700490,3.0936170,0.002632252
moon,2463856.5,86.3144981,-5.0814115,0.002546029
moon,2463953.5,272.5173766,4.9856518,0.002613330
moon,2464050.5,121.8730506,-4.6261247,0.002583705
moon,2464147.5,308.2214681,3.7508531,0.002597560
moon,2464244.5,157.4423841,-1.4560815,0.002611326
moon,2464341.5,343.6075978,0.1475984,0.002583173
moon,2464438.5,192.3195098,2.4920499,0.002626489
moon,2464535.5,19.2356075,-3.6268636,0.002548491
moon,2464632.5,228.0694617,4.8799626,0.002643345
moon,2464729.5,55.1983270,-5.2965000,0.002508599
moon,2464826.5,263.4466036,4.2332410,0.002659742
moon,2464923.5,92.9634205,-3.6671372,0.002449630
moon,2465020.5,298.9473984,0.9745981,0.002682879
moon,2465117.5,130.5853335,0.3027616,0.002406114
moon,2465214.5,333.8034845,-2.9288738,0.002696742
moon,2465311.5,170.4290106,4.0966230,0.002387972
moon,2465408.5,8.8749896,-5.1454889,0.002703523
moon,2465505.5,209.1865243,4.8850314,0.002399419
moon,2465602.5,43.9251202,-4.3807406,0.002696876
moon,2465699.5,248.0619956,2.2672643,0.002448832
moon,2465796.5,78.8814620,-1.0863494,0.002682388
moon,2465893.5,284.6619525,-1.8573808,0.002489962
moon,2465990.5,113.8575711,2.8039660,0.002670215
moon,2466087.5,321.0651976,-4.7869004,0.002530869
moon,2466184.5,148.9375875,4.9576488,0.002656809
moon,2466281.5,356.9461616,-4.8180958,0.002550220
moon,2466378.5,184.0837829,4.1282141,0.002639161
moon,2466475.5,33.0570629,-1.9033407,0.002561761
moon,2466572.5,218.9882059,0.7634137,0.002611497
moon,2466669.5,68.9296985,2.1490009,0.002578938
moon,2466766.5,254.6516436,-3.1126351,0.002558754
moon,2466863.5,105.3742504,4.8464680,0.002601797
moon,2466960.5,290.9708972,-5.1892623,0.002507465
moon,2467057.5,141.3962793,4.4886421,0.002635865
moon,2467154.5,329.3892000,-3.9217335,0.002443889
moon,2467251.5,177.1092341,1.3659836,0.002669915
moon,2467348.5,7.2906070,-0.0749929,0.002413626
moon,2467445.5,212.0006216,-2.5497332,0.002695003
moon,2467542.5,46.8473566,3.8797742,0.002408074
moon,2467639.5,246.8683972,-4.9693050,0.002710311
moon,2467736.5,84.7142430,5.0634744,0.002428385
moon,2467833.5,281.7224603,-4.4625434,0.002709750
moon,2467930.5,122.7133745,2.8906931,0.002465755
moon,2468027.5,316.2240386,-1.3628098,0.002706767
moon,2468124.5,158.7787682,-1.1117911,0.002486297
moon,2468221.5,350.8637810,2.5397434,0.002697444
moon,2468318.5,195.2660112,-4.3889290,0.002500257
moon,2468415.5,25.3099909,4.9422925,0.002687654
moon,2468512.5,231.9273874,-4.9156205,0.002500141
moon,2468609.5,60.3881676,4.4823795,0.002660702
moon,2468706.5,269.0367634,-2.2607829,0.002507695
moon,2468803.5,95.1448657,1.3337416,0.002624699
moon,2468900.5,306.1274143,1.8878096,0.002532396
moon,2468997.5,131.2852059,-2.6394718,0.002563618
moon,2469094.5,342.9562891,4.8352874,0.002571810
moon,2469191.5,167.8306242,-5.0269962,0.002511969
moon,2469288.5,19.4918972,4.7535476,0.002621321
moon,2469385.5,206.3908102,-4.0886247,0.002463476
moon,2469482.5,54.8682166,1.7987273,0.002663560
moon,2469579.5,243.9883625,-0.4258977,0.002445038
moon,2469676.5,89.8117254,-2.1321098,0.002695217
moon,2469773.5,282.2443339,3.5946605,0.002450605
moon,2469870.5,124.2298345,-4.7682486,0.002711169
moon,2469967.5,319.3532790,5.2184281,0.002461133
moon,2470064.5,159.0522329,-4.5572397,0.002717512
moon,2470161.5,356.2442164,3.5536441,0.002475352
moon,2470258.5,193.3039692,-1.6673226,0.002715708
moon,2470355.5,32.7573467,-0.3228480,0.002468082
moon,2470452.5,227.8179724,2.2539249,0.002711983
moon,2470549.5,69.4572798,-3.9390917,0.002456375
moon,2470646.5,262.2305086,4.9189796,0.002698172
moon,2470743.5,107.6755129,-4.9668723,0.002450059
moon,2470840.5,297.3130183,4.7884039,0.002669745
moon,2470937.5,145.5697305,-2.5965189,0.002460108
moon,2471034.5,332.4986515,1.8271532,0.002630099
moon,2471131.5,183.6561821,1.5925099,0.002506018
moon,2471228.5,8.6638039,-2.2016469,0.002574807
moon,2471325.5,220.4515553,4.7618735,0.002555332
moon,2471422.5,45.3930731,-4.8451651,0.002535964
moon,2471519.5,256.8751300,4.9881691,0.002615891
moon,2471616.5,83.1408078,-4.2709917,0.002504106
moon,2471713.5,292.0211038,2.2652677,0.002656135
moon,2471810.5,120.0069764,-0.8818745,0.002496890
moon,2471907.5,326.7755581,-1.6563260,0.002684679
moon,2472004.5,156.8235206,3.1549694,0.002495630
moon,2472101.5,1.1887411,-4.5383449,0.002700644
moon,2472198.5,193.2356102,5.2358890,0.002486884
moon,2472295.5,36.1024694,-4.6714569,0.002707095
moon,2472392.5,229.8079965,4.1143716,0.002472151
moon,2472489.5,70.5286811,-2.0021757,0.002711483
moon,2472586.5,267.0711232,0.4190205,0.002437436
moon,2472683.5,105.2406828,1.9249847,0.002710002
moon,2472780.5,304.5770270,-3.4897608,0.002415269
moon,2472877.5,139.7934078,4.8095205,0.002699449
moon,2472974.5,344.1419895,-4.9858678,0.002410907
moon,2473071.5,175.0991510,4.9564724,0.002675087
moon,2473168.5,22.4541460,-2.9296461,0.002437226
moon,2473265.5,210.4585261,2.2009692,0.002640039
moon,2473362.5,60.8696290,1.1902372,0.002497186
moon,2473459.5,246.3880659,-1.8320350,0.002602740
moon,2473556.5,97.0983417,4.5347101,0.002551034
moon,2473653.5,282.7477686,-4.6663471,0.002575199
moon,2473750.5,133.3453954,5.1111075,0.002607103
moon,2473847.5,319.2431839,-4.4701693,0.002559749
moon,2473944.5,168.2538916,2.6986562,0.002636328
moon,2474041.5,355.4003903,-1.4194236,0.002547000
moon,2474138.5,203.2500369,-1.2168886,0.002659279
moon,2474235.5,30.9673749,2.5959823,0.002533001
moon,2474332.5,237.9837933,-4.3352774,0.002671137
moon,2474429.5,67.4505789,5.0957013,0.002496463
moon,2474526.5,273.2812855,-4.8004295,0.002685067
moon,2474623.5,104.0092464,4.4919394,0.002458643
moon,2474720.5,308.2621224,-2.3337190,0.002694638
moon,2474817.5,142.5409413,0.9582967,0.002410296
moon,2474914.5,343.0949958,1.5843595,0.002703390
moon,2475011.5,180.6398771,-3.1385393,0.002388317
moon,2475108.5,18.0605817,4.6412995,0.002698910
moon,2475205.5,220.8361595,-5.0366550,0.002400870
moon,2475302.5,53.1613153,5.0232326,0.002684803
moon,2475399.5,259.0360857,-3.3187999,0.002436653
moon,2475496.5,88.6314520,2.4494597,0.002662378
moon,2475593.5,296.8297881,0.6352648,0.002500244
moon,2475690.5,123.8301800,-1.5280863,0.002639551
moon,2475787.5,332.7833966,4.1804519,0.002544050
moon,2475884.5,159.5376633,-4.5441740,0.002624829
moon,2475981.5,8.6719311,5.1644999,0.002582044
moon,2476078.5,194.9728549,-4.7228177,0.002609530
moon,2476175.5,44.1516024,3.0731486,0.002600547
moon,2476272.5,230.4498980,-2.0284808,0.002586777
moon,2476369.5,79.5627337,-0.8350216,0.002614662
moon,2476466.5,265.7225667,1.9996847,0.002552677
moon,2476563.5,115.1574181,-4.2128871,0.002634782
moon,2476660.5,302.3703528,4.8641919,0.002494047
moon,2476757.5,150.9038242,-4.9846523,0.002655622
moon,2476854.5,339.6694119,4.7141516,0.002446069
moon,2476951.5,186.3817087,-2.7194694,0.002680811
moon,2477048.5,18.8643283,1.3682844,0.002398056
moon,2477145.5,221.3355775,1.2048236,0.002698088
moon,2477242.5,57.2936907,-2.8545524,0.002391672
moon,2477339.5,256.3015274,4.3997059,0.002703523
moon,2477436.5,96.9654357,-5.1105486,0.002414277
moon,2477533.5,291.1916243,5.0410169,0.002701044
moon,2477630.5,134.5187303,-3.8291571,0.002453309
moon,2477727.5,326.3408243,2.6954484,0.002687973
moon,2477824.5,171.6002157,-0.0882866,0.002499946
moon,2477921.5,0.8968190,-1.2072486,0.002678082
moon,2478018.5,207.4122779,3.6597029,0.002523168
moon,2478115.5,35.9769119,-4.4134945,0.002664057
moon,2478212.5,243.5788472,5.1363637,0.002540675
moon,2478309.5,70.7319478,-4.9846228,0.002645961
moon,2478406.5,280.0674794,3.4042926,0.002548133
moon,2478503.5,106.1048843,-2.6309514,0.002607725
moon,2478600.5,316.2597895,-0.4734022,0.002565995
moon,2478697.5,141.4304679,1.3704674,0.002559266
moon,2478794.5,352.8685827,-4.0948503,0.002598071
moon,2478891.5,178.5741865,4.5530440,0.002493519
moon,2478988.5,28.7939514,-5.1513868,0.002634015
moon,2479085.5,216.3778539,4.8021191,0.002446062
moon,2479182.5,64.6705281,-3.1098948,0.002672779
moon,2479279.5,255.4634256,1.7277457,0.002415930
moon,2479376.5,99.3200557,0.7492855,0.002697201
moon,2479473.5,293.6205253,-2.5075504,0.002419165
moon,2479570.5,134.2360427,4.0768271,0.002711865
moon,2479667.5,331.8381114,-5.0790646,0.002444286
moon,2479764.5,168.7146128,4.9990952,0.002713580
moon,2479861.5,9.0037623,-4.3243889,0.002467794
moon,2479958.5,203.5669034,2.9329328,0.002710875
moon,2480055.5,45.3226491,-0.8886261,0.002487408
moon,2480152.5,237.7887647,-0.8649418,0.002701577
moon,2480249.5,81.9219378,3.0579295,0.002487109
moon,2480346.5,272.4211135,-4.2250744,0.002689221
moon,2480443.5,118.5574911,5.0139891,0.002486343
moon,2480540.5,307.2268001,-5.1583385,0.002661511
moon,2480637.5,156.5870495,3.6431275,0.002497702
moon,2480734.5,342.5433879,-3.1053117,0.002617211
moon,2480831.5,193.4598598,-0.1594872,0.002523080
moon,2480928.5,18.4881832,0.8541067,0.002563607
moon,2481025.5,230.7038961,-3.9353644,0.002576877
moon,2481122.5,55.5521650,4.2445500,0.002505428
moon,2481219.5,266.6382715,-5.2522402,0.002621548
moon,2481316.5,93.5480450,4.8245187,0.002472862
moon,2481413.5,302.3161172,-3.4552567,0.002668928
moon,2481510.5,131.6012039,2.0914514,0.002456236
moon,2481607.5,336.8553694,0.3114427,0.002694985
moon,2481704.5,168.9118880,-2.0577272,0.002464041
moon,2481801.5,11.4640617,3.7663032,0.002710471
moon,2481898.5,205.8366394,-4.9380189,0.002473152
moon,2481995.5,45.9080664,4.9715895,0.002717162
moon,2482092.5,242.6468555,-4.7351290,0.002470638
moon,2482189.5,80.6101867,3.1863001,0.002716384
moon,2482286.5,279.1196536,-1.6078633,0.002462304
moon,2482383.5,114.8696720,-0.5245443,0.002711174
moon,2482480.5,316.7327950,2.5175407,0.002440037
moon,2482577.5,149.4963845,-4.0362883,0.002696892
moon,2482674.5,354.3699116,4.9125987,0.002437741
moon,2482771.5,184.4935043,-5.2698532,0.002667050
moon,2482868.5,33.6088254,3.8921199,0.002458680
moon,2482965.5,220.0168206,-3.4449741,0.002626128
moon,2483062.5,70.8295952,0.1930349,0.002502054
moon,2483159.5,256.2001396,0.4536371,0.002577338
moon,2483256.5,108.1510902,-3.6988355,0.002567528
moon,2483353.5,292.8179150,4.0065937,0.002539556
moon,2483450.5,143.6964611,-5.3011469,0.002615498
moon,2483547.5,330.2969280,4.9200033,0.002517878
moon,2483644.5,179.2074062,-3.7886755,0.002659860
moon,2483741.5,6.9470052,2.5727942,0.002510716
moon,2483838.5,213.6620628,-0.1417579,0.002679616
moon,2483935.5,43.5002537,-1.4593568,0.002504759
moon,2484032.5,248.3090865,3.4908957,0.002695779
moon,2484129.5,79.4201454,-4.6667975,0.002492331
moon,2484226.5,283.0418834,5.0160521,0.002702342
moon,2484323.5,116.6240402,-5.0242811,0.002459728
moon,2484420.5,317.8459049,3.5112844,0.002709094
moon,2484517.5,153.5890507,-2.2364328,0.002429676
moon,2484614.5,352.5736201,-0.1229515,0.002706361
moon,2484711.5,192.4947875,2.0560980,0.002402280
moon,2484808.5,27.1647452,-3.7750862,0.002697950
moon,2484905.5,230.9283833,4.8400780,0.002405987
moon,2485002.5,62.6026761,-5.2751421,0.002672562
moon,2485099.5,270.5030677,4.2131419,0.002445631
moon,2485196.5,97.9141971,-3.6995667,0.002642195
moon,2485293.5,307.7624702,0.7017820,0.002497698
moon,2485390.5,134.0509935,0.1046545,0.002609550
moon,2485487.5,344.3999326,-3.2544551,0.002562359
moon,2485584.5,169.7756270,3.7552721,0.002585627
moon,2485681.5,19.9312913,-5.2110862,0.002602750
moon,2485778.5,206.2628149,5.0361104,0.002573572
moon,2485875.5,55.1958242,-4.0812861,0.002633082
moon,2485972.5,241.9426548,3.1213572,0.002558351
moon,2486069.5,90.2465855,-0.5718871,0.002649567
moon,2486166.5,277.7542274,-0.7232312,0.002533528
moon,2486263.5,125.1296090,3.2141964,0.002662605
moon,2486360.5,313.7481758,-4.2386178,0.002496094
moon,2486457.5,160.5113823,5.0599133,0.002679915
moon,2486554.5,351.3261049,-5.1156022,0.002441353
moon,2486651.5,195.6119659,3.8222469,0.002692122
moon,2486748.5,29.4339703,-2.6549155,0.002405714
moon,2486845.5,230.6857201,0.3113246,0.002701013
moon,2486942.5,68.8654239,1.6669235,0.002383995
moon,2487039.5,265.3904694,-3.4438196,0.002699831
moon,2487136.5,107.6520034,4.7505083,0.002405441
moon,2487233.5,300.7716976,-5.1509267,0.002684619
moon,2487330.5,146.6156959,4.5316028,0.002450537
moon,2487427.5,335.8490718,-3.8322263,0.002668949
moon,2487524.5,183.4493287,1.3299006,0.002501828
moon,2487621.5,11.4020108,-0.1980580,0.002648259
moon,2487718.5,219.5804026,-2.6770960,0.002548824
moon,2487815.5,46.3028765,3.5072375,0.002635197
moon,2487912.5,255.2511869,-4.9949752,0.002571886
moon,2488009.5,81.9061792,5.1238586,0.002618637
moon,2488106.5,290.9118640,-4.2756342,0.002590157
moon,2488203.5,117.0142319,3.6308260,0.002592030
moon,2488300.5,326.9254323,-0.9040298,0.002603277
moon,2488397.5,152.7493958,-0.0517023,0.002546616
moon,2488494.5,2.3512818,3.0094159,0.002624826
moon,2488591.5,189.1195174,-3.7868247,0.002490815
moon,2488688.5,38.4957636,5.1265752,0.002654634
moon,2488785.5,227.2522213,-5.0908411,0.002432740
moon,2488882.5,73.6923479,4.1164678,0.002679362
moon,2488979.5,266.1200817,-2.9252104,0.002400878
moon,2489076.5,109.0367201,0.7062968,0.002699897
moon,2489173.5,305.1715358,1.3219415,0.002397086
moon,2489270.5,143.4910653,-3.1056995,0.002706019
moon,2489367.5,343.7075266,4.6515795,0.002425343
moon,2489464.5,178.6644142,-5.0232915,0.002703896
moon,2489561.5,21.3689522,4.8729574,0.002464748
moon,2489658.5,213.3381937,-3.9717222,0.002694771
moon,2489755.5,58.1362468,2.0180174,0.002497885
moon,2489852.5,248.2431314,-0.5159942,0.002685605
moon,2489949.5,93.8651952,-2.0319222,0.002519084
moon,2490046.5,282.7334329,3.2704773,0.002669432
moon,2490143.5,130.4819977,-4.7681503,0.002526118
moon,2490240.5,317.6628574,5.2078734,0.002648532
moon,2490337.5,166.8108205,-4.4671421,0.002534654
moon,2490434.5,353.0178562,4.0955683,0.002606171
moon,2490531.5,204.0805280,-1.2248275,0.002558998
moon,2490628.5,28.7072077,0.5510671,0.002551517
moon,2490725.5,240.0775890,2.8162331,0.002590771
moon,2490822.5,65.8886044,-3.3843535,0.002491401
moon,2490919.5,276.5287625,5.1775218,0.002639592
moon,2491016.5,103.8911617,-5.0585046,0.002442690
moon,2491113.5,311.8283209,4.4222877,0.002672579
moon,2491210.5,142.8813866,-3.2292004,0.002427379
moon,2491307.5,346.8842410,1.1479355,0.002700931
moon,2491404.5,180.8228778,0.8473650,0.002430947
moon,2491501.5,21.2673517,-2.7270200,0.002712854
moon,2491598.5,218.4485875,4.3971848,0.002455948
moon,2491695.5,55.9674610,-4.9044327,0.002715740
moon,2491792.5,255.2567350,5.1558856,0.002473251
moon,2491889.5,90.5102580,-4.1683613,0.002713947
moon,2491986.5,292.0099902,2.7356434,0.002477902
moon,2492083.5,125.0202612,-0.9174202,0.002705663
moon,2492180.5,328.3070452,-1.3448402,0.002477010
moon,2492277.5,159.4176304,2.9377490,0.002688437
moon,2492374.5,6.0081961,-4.5074404,0.002470699
moon,2492471.5,194.2663851,5.1865470,0.002660910
moon,2492568.5,43.4350018,-4.6309858,0.002486610
moon,2492665.5,229.9300669,4.4306493,0.002611595
moon,2492762.5,81.5923189,-1.5863546,0.002524457
moon,2492859.5,265.8571852,1.0334186,0.002560970
moon,2492956.5,117.8478577,2.4995320,0.002574187
moon,2493053.5,303.2623101,-3.0006522,0.002507801
moon,2493150.5,154.2129602,5.0835699,0.002631772
moon,2493247.5,340.6604960,-4.9846568,0.002479563
moon,2493344.5,189.2749032,4.6399169,0.002668050
moon,2493441.5,18.9339463,-3.5804119,0.002472347
moon,2493538.5,224.1298650,1.5575346,0.002697089
moon,2493635.5,55.5128425,0.2211288,0.002475935
moon,2493732.5,258.4494433,-2.3339628,0.002707385
moon,2493829.5,92.4165921,3.9406423,0.002479169
moon,2493926.5,292.9683613,-4.7703672,0.002715755
moon,2494023.5,128.7233824,5.2473815,0.002469488
moon,2494120.5,327.6971571,-4.3595893,0.002714759
moon,2494217.5,166.1689882,3.2749348,0.002446667
moon,2494314.5,2.0874102,-1.3102890,0.002711301
moon,2494411.5,203.3958583,-0.7689751,0.002429773
moon,2494508.5,36.8693195,2.5804245,0.002692110
moon,2494605.5,242.2304066,-4.2821734,0.002427463
moon,2494702.5,71.6589334,5.0623222,0.002666433
moon,2494799.5,280.5744612,-4.7773121,0.002455199
moon,2494896.5,107.7794832,4.5695548,0.002621782
moon,2494993.5,318.7697466,-1.9804545,0.002510170
moon,2495090.5,143.5065856,1.3492836,0.002582271
moon,2495187.5,355.1317109,2.0935254,0.002568117
moon,2495284.5,180.5571585,-2.7143523,0.002548402
moon,2495381.5,30.8530737,4.8834115,0.002622829
moon,2495478.5,216.9880349,-4.9465507,0.002530249
moon,2495575.5,66.0477416,4.7675146,0.002655430
moon,2495672.5,253.9818664,-3.9877232,0.002525703
moon,2495769.5,100.6960261,1.9066848,0.002676057
moon,2495866.5,289.8468178,-0.4576354,0.002512264
moon,2495963.5,135.4551246,-2.0371722,0.002689007
moon,2496060.5,326.0647519,3.3985975,0.002489275
moon,2496157.5,170.0617168,-4.7215782,0.002697446
moon,2496254.5,2.9772232,5.2199761,0.002453519
moon,2496351.5,205.2032160,-4.6065254,0.002706015
moon,2496448.5,41.0207526,3.6679060,0.002412565
moon,2496545.5,239.8331526,-1.7012955,0.002705148
moon,2496642.5,79.6417410,-0.3647413,0.002397725
moon,2496739.5,274.8228387,2.2174638,0.002693350
moon,2496836.5,118.8101672,-4.1389830,0.002404872
moon,2496933.5,309.7849822,4.9150696,0.002674635
moon,2497030.5,157.4820277,-5.0065891,0.002451365
moon,2497127.5,345.7472120,4.6638008,0.002642200
moon,2497224.5,195.1328102,-2.5001041,0.002507514
moon,2497321.5,21.1784433,1.6234390,0.002619388
moon,2497418.5,231.1890794,1.5203690,0.002562390
moon,2497515.5,57.2781099,-2.4311157,0.002597681
moon,2497612.5,266.6235741,4.6043413,0.002602802
moon,2497709.5,92.7650417,-4.9434376,0.002584711
moon,2497806.5,302.0918148,4.8872037,0.002623161
moon,2497903.5,128.7616738,-4.4485678,0.002567941
moon,2498000.5,337.1471836,2.2672548,0.002639924
moon,2498097.5,164.2969765,-1.2188715,0.002534158
moon,2498194.5,12.6332814,-1.7489299,0.002654659
moon,2498291.5,200.5650647,2.7937563,0.002487980
moon,2498388.5,47.5941522,-4.6923333,0.002673223
moon,2498485.5,238.2760578,5.0859777,0.002433718
moon,2498582.5,83.2652302,-4.8721218,0.002691895
moon,2498679.5,276.9587759,3.9587274,0.002394836
moon,2498776.5,117.9867420,-2.1449877,0.002700461
moon,2498873.5,316.4314984,0.0239693,0.002388742
moon,2498970.5,153.1199479,1.7944624,0.002699653
moon,2499067.5,355.0489851,-3.9083865,0.002411502
moon,2499164.5,187.8877480,4.6720875,0.002689016
moon,2499261.5,33.4931953,-5.1985173,0.002461555
moon,2499358.5,223.4200695,4.7142396,0.002673812
moon,2499455.5,70.1729885,-3.1162093,0.002506979
moon,2499552.5,258.3963572,1.9327970,0.002658008
moon,2499649.5,106.3322237,0.8083389,0.002544330
moon,2499746.5,293.4761950,-2.0520048,0.002645622
moon,2499843.5,141.6915918,4.1832295,0.002564099
moon,2499940.5,328.5254175,-4.8427173,0.002623210
moon,2500037.5,178.0766363,4.9195546,0.002576838
moon,2500134.5,3.7889867,-4.7988489,0.002594888
moon,2500231.5,213.8713552,2.5758608,0.002591437
moon,2500328.5,39.8283543,-1.8729502,0.002540367
moon,2500425.5,250.1974342,-1.4531772,0.002620510
moon,2500522.5,76.1552443,2.2032986,0.002483607
moon,2500619.5,285.6580493,-4.6037977,0.002649743
moon,2500716.5,114.8368376,4.8618402,0.002429014
moon,2500813.5,321.4011843,-5.0321150,0.002683439
moon,2500910.5,153.4276249,4.1330895,0.002400611
moon,2501007.5,356.3028784,-2.5063079,0.002700380
moon,2501104.5,192.8152813,0.4334039,0.002411102
moon,2501201.5,31.0491605,1.3885241,0.002708588
moon,2501298.5,230.4427043,-3.5585914,0.002434441
moon,2501395.5,65.7074845,4.4069371,0.002707742
moon,2501492.5,268.0307463,-5.2584694,0.002473894
moon,2501589.5,100.5821372,4.7421963,0.002700501
moon,2501686.5,304.4109605,-3.6554990,0.002496041
moon,2501783.5,135.2486682,2.2307335,0.002691396
moon,2501880.5,340.7589114,0.1312674,0.002507032
moon,2501977.5,169.7409926,-1.6821166,0.002675922
moon,2502074.5,16.9788014,3.7865089,0.002513691
moon,2502171.5,204.6135526,-4.6936208,0.002645426
moon,2502268.5,54.3563343,4.9461196,0.002521724
moon,2502365.5,239.8915115,-5.0184740,0.002606082
moon,2502462.5,91.1965249,2.8388941,0.002550399
moon,2502559.5,276.3707181,-2.3380016,0.002541977
moon,2502656.5,128.0537703,-1.1816966,0.002592999
moon,2502753.5,313.0044648,1.7839214,0.002490815
moon,2502850.5,163.6975922,-4.4860405,0.002638608
moon,2502947.5,351.7969071,4.7124937,0.002446356
moon,2503044.5,199.3035511,-5.1485937,0.002679469
moon,2503141.5,29.7456946,4.3495159,0.002435909
moon,2503238.5,234.0503569,-2.8355133,0.002700767
moon,2503335.5,68.2213876,0.9586469,0.002448708
moon,2503432.5,268.5098576,1.0360674,0.002714694
moon,2503529.5,104.7131809,-3.0804477,0.002462962
moon,2503626.5,303.0110055,4.2241205,0.002716059
moon,2503723.5,141.7749906,-5.2347528,0.002475367
moon,2503820.5,337.5089841,4.8664710,0.002716415
moon,2503917.5,178.2663103,-4.1515276,0.002469937
moon,2504014.5,12.2077928,2.6142744,0.002705937
moon,2504111.5,215.4568317,-0.4783966,0.002460463
moon,2504208.5,46.4481534,-1.2681617,0.002690324
moon,2504305.5,252.8771449,3.4671534,0.002459881
moon,2504402.5,81.6509756,-4.5044803,0.002653224
moon,2504499.5,291.1371160,5.0472409,0.002478924
moon,2504596.5,116.9812264,-5.1670035,0.002612333
moon,2504693.5,328.8688816,3.2019303,0.002523430
moon,2504790.5,153.8789503,-2.6920024,0.002555300
moon,2504887.5,5.5510523,-0.7581670,0.002579902
moon,2504984.5,190.3368420,1.4121657,0.002515519
moon,2505081.5,41.2999906,-4.2324705,0.002633326
moon,2505178.5,228.3704312,4.5843540,0.002491072
moon,2505275.5,76.3680692,-5.2109421,0.002671975
moon,2505372.5,265.4192234,4.6539434,0.002484419
moon,2505469.5,111.2486706,-3.1660256,0.002694177
moon,2505566.5,302.4781100,1.6807728,0.002490206
moon,2505663.5,145.4783384,0.6371078,0.002705134
moon,2505760.5,338.6289768,-2.3966639,0.002480344
moon,2505857.5,180.1498791,4.0310676,0.002712690
moon,2505954.5,15.2392195,-5.0214575,0.002462923
moon,2506051.5,214.6477141,5.0059041,0.002713331
moon,2506148.5,52.8796011,-4.4838489,0.002435339
moon,2506245.5,249.5255065,3.0406422,0.002708483
moon,2506342.5,90.8007154,-1.0128771,0.002414568
moon,2506439.5,284.0332975,-0.7947168,0.002691799
moon,2506536.5,129.6255502,3.1643303,0.002424881
moon,2506633.5,319.3350521,-4.1867200,0.002659113
moon,2506730.5,168.0897981,5.1057817,0.002455032
moon,2506827.5,354.9385029,-5.1420874,0.002625748
moon,2506924.5,206.0342191,3.6096556,0.002517306
moon,2507021.5,31.4949892,-2.9301568,0.002583812
moon,2507118.5,242.3117820,-0.2029530,0.002572921
moon,2507215.5,67.5372538,1.0657420,0.002561028
moon,2507312.5,277.7926000,-3.7926593,0.002622584
moon,2507409.5,104.2623938,4.3879719,0.002545053
moon,2507506.5,312.7683160,-5.1322306,0.002652770
moon,2507603.5,140.3644959,4.9095191,0.002535132
moon,2507700.5,347.8837977,-3.4047939,0.002668305
moon,2507797.5,176.5087158,2.3726855,0.002520263
moon,2507894.5,22.4355979,0.3059406,0.002681644
moon,2507991.5,212.6514951,-1.6535624,0.002483170
moon,2508088.5,57.5304293,3.8642332,0.002692887
moon,2508185.5,249.5829970,-4.6833812,0.002443632
moon,2508282.5,92.2715230,5.1130150,0.002702325
moon,2508379.5,288.4271568,-4.6175071,0.002402244
moon,2508476.5,127.4965799,3.3723933,0.002703960
moon,2508573.5,327.0217714,-1.3677450,0.002389486
moon,2508670.5,162.1309750,-0.3778489,0.002693540
moon,2508767.5,6.5725867,2.9213882,0.002413013
moon,2508864.5,197.4544175,-3.8838427,0.002673106
moon,2508961.5,44.4883024,5.1438573,0.002455495
moon,2509058.5,232.9075536,-5.0582913,0.002649087
moon,2509155.5,82.2257013,4.0164158,0.002518053
moon,2509252.5,268.7543127,-3.1100246,0.002627181
moon,2509349.5,117.8712167,0.4065142,0.002561794
moon,2509446.5,304.2046624,0.7514566,0.002609561
moon,2509543.5,153.4937295,-3.3414404,0.002597444
moon,2509640.5,339.6202239,4.2000842,0.002596859
moon,2509737.5,188.6585413,-5.0512010,0.002613990
moon,2509834.5,15.3574024,5.1497150,0.002569608
moon,2509931.5,224.5026530,-3.6287825,0.002629244
moon,2510028.5,50.9162324,3.0012579,0.002536051
moon,2510125.5,259.7428216,0.0322690,0.002645519
moon,2510222.5,87.8200558,-1.0153321,0.002476293
moon,2510319.5,295.2762685,3.7512653,0.002670490
moon,2510416.5,125.0483791,-4.3832587,0.002427072
moon,2510513.5,330.4894843,5.2570220,0.002689153
moon,2510610.5,164.9270935,-4.7390278,0.002391830
moon,2510707.5,5.6539178,3.7091141,0.002702359
moon,2510804.5,203.5374907,-1.7335651,0.002390102
moon,2510901.5,40.4983742,0.0214683,0.002701133
moon,2510998.5,242.7110488,2.5788485,0.002427666
moon,2511095.5,75.3254584,-3.6006923,0.002692120
moon,2511192.5,279.9353420,5.1420854,0.002465902
moon,2511289.5,110.5392558,-5.0331500,0.002681192
moon,2511386.5,316.9712286,4.4791116,0.002512886
moon,2511483.5,145.5597424,-3.3969120,0.002667412
moon,2511580.5,352.7720226,1.1009248,0.002536772
moon,2511677.5,180.4538032,0.3115986,0.002652703
moon,2511774.5,28.6455230,-2.8385460,0.002551717
moon,2511871.5,215.2156857,3.9314792,0.002630512
moon,2511968.5,64.8100852,-4.9788003,0.002564751
moon,2512065.5,250.7777614,5.3082790,0.002587810
moon,2512162.5,101.4412827,-3.9058660,0.002581585
moon,2512259.5,286.6116353,3.5361725,0.002539958
moon,2512356.5,137.5480238,-0.3254620,0.002615056
moon,2512453.5,324.0471772,-0.4279647,0.002471198
moon,2512550.5,173.3521059,3.5309073,0.002651295
moon,2512647.5,1.7077773,-4.0686071,0.002430047
moon,2512744.5,208.6906245,5.2888421,0.002683779
moon,2512841.5,41.5075772,-4.8550965,0.002407295
moon,2512938.5,243.7271144,3.9922843,0.002704601
moon,2513035.5,79.5408136,-2.2157395,0.002419394
moon,2513132.5,278.4031275,0.4474638,0.002709838
moon,2513229.5,117.6978138,1.9938718,0.002451778
moon,2513326.5,312.8242855,-3.2633759,0.002711279
moon,2513423.5,154.1603826,4.9077007,0.002474633
moon,2513520.5,347.6919134,-4.9824526,0.002704782
moon,2513617.5,190.9755692,4.7991846,0.002493870
moon,2513714.5,22.1809629,-3.6939514,0.002697216
moon,2513811.5,227.3675034,1.7429266,0.002494271
moon,2513908.5,56.9263420,-0.1838464,0.002676459
moon,2514005.5,264.0736811,-2.3406785,0.002498020
moon,2514102.5,91.4305180,3.5503588,0.002647653
moon,2514199.5,301.5139232,-4.8717636,0.002512849
moon,2514296.5,127.3250297,5.2669154,0.002595151
moon,2514393.5,338.7614226,-4.1337106,0.002544313
moon,2514490.5,163.4287257,3.8356780,0.002543490
moon,2514587.5,15.5968265,-0.6955773,0.002594614
moon,2514684.5,201.1383839,-0.0263893,0.002485716
moon,2514781.5,51.1357878,3.2048869,0.002641636
moon,2514878.5,238.6623474,-3.7928317,0.002455875
moon,2514975.5,86.5468120,5.1735639,0.002681960
moon,2515072.5,277.3444971,-4.9498149,0.002449782
moon,2515169.5,121.1567449,4.1567642,0.002703155
moon,2515266.5,314.6639688,-2.7340489,0.002458405
moon,2515363.5,155.8169717,0.7613880,0.002714164
moon,2515460.5,351.4573838,1.2932671,0.002474105
moon,2515557.5,189.9483508,-2.9992099,0.002716420
moon,2515654.5,28.0155090,4.5395281,0.002469647
moon,2515751.5,224.6761546,-4.9791397,0.002716885
moon,2515848.5,64.7646344,4.9692993,0.002460254
moon,2515945.5,259.1477051,-3.9842183,0.002706927
moon,2516042.5,102.6387788,2.1845684,0.002446726
moon,2516139.5,293.8621197,-0.6326514,0.002686487
moon,2516236.5,140.0975626,-1.9949901,0.002446886
moon,2516333.5,328.7321768,3.2113863,0.002652802
moon,2516430.5,178.7429748,-4.8637595,0.002479626
moon,2516527.5,4.6584580,5.1805665,0.002603710
moon,2516624.5,216.1673333,-4.4126155,0.002522382
moon,2516721.5,41.1455313,3.9986500,0.002561063
moon,2516818.5,253.0364040,-1.1451030,0.002587648
moon,2516915.5,78.2548981,0.2742380,0.002520191
moon,2517012.5,288.3220721,2.8255021,0.002634387
moon,2517109.5,115.1841899,-3.5939135,0.002505418
moon,2517206.5,323.4565786,5.0424445,0.002672085
moon,2517303.5,152.3834138,-5.1177469,0.002500061
moon,2517400.5,358.0984141,4.3350703,0.002691267
moon,2517497.5,188.8915458,-3.3728732,0.002495788
moon,2517594.5,32.8149724,1.0804821,0.002700585
moon,2517691.5,225.0492394,0.5146256,0.002484433
moon,2517788.5,67.1242034,-2.7859319,0.002708467
moon,2517885.5,261.9629348,4.0976926,0.002450201
moon,2517982.5,101.9945314,-5.0517997,0.002711530
moon,2518079.5,299.4203579,5.0785859,0.002423836
moon,2518176.5,136.6669133,-4.3495471,0.002706492
moon,2518273.5,338.6950482,2.5785469,0.002404894
moon,2518370.5,171.6154855,-1.1088646,0.002689201
moon,2518467.5,16.7908756,-1.6640065,0.002418531
moon,2518564.5,206.6706764,2.8165009,0.002659136
moon,2518661.5,55.9014510,-4.8468730,0.002466341
moon,2518758.5,242.5026489,5.0509122,0.002624841
moon,2518855.5,92.9044004,-4.7628533,0.002518602
moon,2518952.5,278.8236140,4.1631623,0.002593217
moon,2519049.5,129.5612427,-1.7434966,0.002581831
moon,2519146.5,314.9305975,0.6620663,0.002572015
moon,2519243.5,164.4837147,2.2589820,0.002618589
moon,2519340.5,351.0702787,-3.2728961,0.002557879
moon,2519437.5,199.7191015,4.8177190,0.002647784
moon,2519534.5,26.8835579,-5.1983223,0.002546715
moon,2519631.5,234.6947117,4.4960410,0.002660129
moon,2519728.5,63.2050250,-3.9780402,0.002517507
moon,2519825.5,269.8489403,1.4359965,0.002674141
moon,2519922.5,99.1083578,-0.3074048,0.002482216
moon,2520019.5,304.7292955,-2.5126681,0.002686761
moon,2520116.5,137.0060049,3.5655490,0.002427946
moon,2520213.5,339.7419890,-5.0247843,0.002700526
moon,2520310.5,175.1198830,5.0378943,0.002395604
moon,2520407.5,14.8831509,-4.6104084,0.002702070
moon,2520504.5,215.2969600,2.8977264,0.002389543
moon,2520601.5,49.7065632,-1.5352806,0.002694230
moon,2520698.5,253.5134458,-1.2691833,0.002414693
moon,2520795.5,84.9403260,2.4018335,0.002675294
moon,2520892.5,292.0119524,-4.6476326,0.002471765
moon,2520989.5,120.1744075,4.8350393,0.002654629
moon,2521086.5,328.6830971,-4.9935035,0.002517903
moon,2521183.5,156.0144829,4.2682880,0.002638009
moon,2521280.5,4.7959953,-2.3231939,0.002564148
moon,2521377.5,191.1659181,1.0537998,0.002621499
moon,2521474.5,40.1303540,1.6748465,0.002587275
moon,2521571.5,226.4815946,-2.8620511,0.002603589
moon,2521668.5,75.6083328,4.5479165,0.002602988
moon,2521765.5,261.7819728,-5.1407598,0.002575389
moon,2521862.5,111.5537915,4.5847887,0.002619619
moon,2521959.5,298.0309453,-4.3774795,0.002524835
moon,2522056.5,147.2496434,1.7116005,0.002638290
moon,2522153.5,334.5680061,-0.9031278,0.002474267
moon,2522250.5,182.7568684,-2.2677998,0.002667471
moon,2522347.5,13.0211442,3.1454678,0.002414587
moon,2522444.5,217.9265978,-4.9605626,0.002689824
moon,2522541.5,51.7397601,4.9814724,0.002393858
moon,2522638.5,253.1499333,-4.7625037,0.002702766
moon,2522735.5,91.6347157,3.2060133,0.002399989
moon,2522832.5,287.8599372,-1.8323615,0.002704677
moon,2522929.5,129.3622006,-0.8060571,0.002434450
moon,2523026.5,322.7945210,2.0935323,0.002695277
moon,2523123.5,166.9137020,-4.3615665,0.002479865
moon,2523220.5,357.4919938,4.7070052,0.002687910
moon,2523317.5,203.2506612,-5.1656238,0.002508082
moon,2523414.5,32.7363825,4.4550552,0.002675489
moon,2523511.5,239.4289201,-2.8446983,0.002530653
moon,2523608.5,67.2622157,1.4826161,0.002660215
moon,2523705.5,275.5792178,1.1824710,0.002537452
moon,2523802.5,102.2642743,-2.4546533,0.002630102
moon,2523899.5,311.7964037,4.3907616,0.002551022
moon,2523996.5,137.4591775,-5.0616970,0.002588347
moon,2524093.5,348.9085940,4.7757683,0.002575999
moon,2524190.5,174.1122609,-4.6687982,0.002527204
moon,2524287.5,25.0026820,2.0583700,0.002609936
moon,2524384.5,211.1935842,-1.3594659,0.002472507
moon,2524481.5,61.0179813,-1.9671843,0.002654294
moon,2524578.5,249.6936040,2.8364531,0.002427574
